timesteps,trial,premort_adults,postmort_adults,hatch_interval,adult_number,total_mosquito_number,moves,mort_time,mort_percent,diff,pop_persist,treatment
1000,75,846,809,asynch,13,338,2,late,10,-37,1,1
1000,76,827,797,asynch,24,385,2,late,10,-30,1,1
1000,77,831,804,asynch,23,400,2,late,10,-27,1,1
1000,78,833,813,asynch,10,403,2,late,10,-20,1,1
1000,79,820,799,asynch,21,406,2,late,10,-21,1,1
1000,80,832,782,asynch,16,363,2,late,10,-50,1,1
1000,81,847,821,asynch,22,404,2,late,10,-26,1,1
1000,82,821,801,asynch,21,369,2,late,10,-20,1,1
1000,83,836,794,asynch,19,350,2,late,10,-42,1,1
1000,84,828,781,asynch,19,409,2,late,10,-47,1,1
1000,85,842,813,asynch,15,402,2,late,10,-29,1,1
1000,86,818,810,asynch,17,334,2,late,10,-8,1,1
1000,87,831,826,asynch,16,375,2,late,10,-5,1,1
1000,88,862,793,asynch,16,367,2,late,10,-69,1,1
1000,89,826,806,asynch,15,346,2,late,10,-20,1,1
1000,90,827,814,asynch,14,390,2,late,10,-13,1,1
1000,91,825,828,asynch,16,383,2,late,10,3,1,1
1000,92,849,779,asynch,14,373,2,late,10,-70,1,1
1000,93,853,807,asynch,21,380,2,late,10,-46,1,1
1000,94,817,793,asynch,18,369,2,late,10,-24,1,1
1000,95,817,801,asynch,16,384,2,late,10,-16,1,1
1000,96,850,797,asynch,27,412,2,late,10,-53,1,1
1000,97,814,797,asynch,14,372,2,late,10,-17,1,1
1000,98,823,777,asynch,20,397,2,late,10,-46,1,1
1000,99,831,783,asynch,25,387,2,late,10,-48,1,1
1000,100,851,743,asynch,16,356,2,late,25,-108,1,2
1000,101,840,734,asynch,14,369,2,late,25,-106,1,2
1000,102,826,764,asynch,20,346,2,late,25,-62,1,2
1000,103,866,714,asynch,22,429,2,late,25,-152,1,2
1000,104,821,754,asynch,10,393,2,late,25,-67,1,2
1000,105,853,732,asynch,19,356,2,late,25,-121,1,2
1000,106,811,746,asynch,17,355,2,late,25,-65,1,2
1000,107,833,712,asynch,21,353,2,late,25,-121,1,2
1000,108,810,743,asynch,18,349,2,late,25,-67,1,2
1000,109,842,715,asynch,17,370,2,late,25,-127,1,2
1000,110,839,729,asynch,16,365,2,late,25,-110,1,2
1000,111,815,724,asynch,19,361,2,late,25,-91,1,2
1000,112,845,759,asynch,27,383,2,late,25,-86,1,2
1000,113,831,726,asynch,12,321,2,late,25,-105,1,2
1000,114,853,735,asynch,10,388,2,late,25,-118,1,2
1000,115,831,717,asynch,8,353,2,late,25,-114,1,2
1000,116,829,749,asynch,29,385,2,late,25,-80,1,2
1000,117,839,750,asynch,24,359,2,late,25,-89,1,2
1000,118,811,746,asynch,16,363,2,late,25,-65,1,2
1000,119,820,732,asynch,9,363,2,late,25,-88,1,2
1000,120,842,754,asynch,13,351,2,late,25,-88,1,2
1000,121,826,775,asynch,18,365,2,late,25,-51,1,2
1000,122,837,757,asynch,25,341,2,late,25,-80,1,2
1000,123,845,717,asynch,13,353,2,late,25,-128,1,2
1000,124,827,742,asynch,13,361,2,late,25,-85,1,2
1000,125,851,563,asynch,21,339,2,late,50,-288,1,3
1000,126,831,563,asynch,17,301,2,late,50,-268,1,3
1000,127,842,576,asynch,22,336,2,late,50,-266,1,3
1000,128,858,586,asynch,18,319,2,late,50,-272,1,3
1000,129,847,588,asynch,10,326,2,late,50,-259,1,3
1000,130,841,575,asynch,12,298,2,late,50,-266,1,3
1000,131,845,601,asynch,15,283,2,late,50,-244,1,3
1000,132,847,605,asynch,10,253,2,late,50,-242,1,3
1000,133,843,581,asynch,19,266,2,late,50,-262,1,3
1000,134,824,591,asynch,21,347,2,late,50,-233,1,3
1000,135,824,578,asynch,19,309,2,late,50,-246,1,3
1000,136,823,605,asynch,19,278,2,late,50,-218,1,3
1000,137,853,596,asynch,11,288,2,late,50,-257,1,3
1000,138,833,616,asynch,12,330,2,late,50,-217,1,3
1000,139,822,578,asynch,14,323,2,late,50,-244,1,3
1000,140,835,616,asynch,11,286,2,late,50,-219,1,3
1000,141,828,573,asynch,17,342,2,late,50,-255,1,3
1000,142,814,612,asynch,18,306,2,late,50,-202,1,3
1000,143,839,608,asynch,19,342,2,late,50,-231,1,3
1000,144,850,593,asynch,17,309,2,late,50,-257,1,3
1000,145,844,615,asynch,26,352,2,late,50,-229,1,3
1000,146,852,601,asynch,16,301,2,late,50,-251,1,3
1000,147,802,587,asynch,13,304,2,late,50,-215,1,3
1000,148,843,606,asynch,16,299,2,late,50,-237,1,3
1000,149,818,591,asynch,16,303,2,late,50,-227,1,3
1000,150,824,456,asynch,15,218,2,late,75,-368,1,4
1000,151,841,436,asynch,9,136,2,late,75,-405,1,4
1000,152,832,477,asynch,12,200,2,late,75,-355,1,4
1000,153,883,462,asynch,17,210,2,late,75,-421,1,4
1000,154,838,452,asynch,19,271,2,late,75,-386,1,4
1000,155,850,459,asynch,22,276,2,late,75,-391,1,4
1000,156,842,460,asynch,16,161,2,late,75,-382,1,4
1000,157,820,454,asynch,13,174,2,late,75,-366,1,4
1000,158,828,468,asynch,8,225,2,late,75,-360,1,4
1000,159,822,462,asynch,11,215,2,late,75,-360,1,4
1000,160,829,440,asynch,10,194,2,late,75,-389,1,4
1000,161,812,426,asynch,16,276,2,late,75,-386,1,4
1000,162,826,454,asynch,12,208,2,late,75,-372,1,4
1000,163,852,461,asynch,10,173,2,late,75,-391,1,4
1000,164,826,448,asynch,15,167,2,late,75,-378,1,4
1000,165,857,446,asynch,18,230,2,late,75,-411,1,4
1000,166,831,431,asynch,15,229,2,late,75,-400,1,4
1000,167,819,466,asynch,12,148,2,late,75,-353,1,4
1000,168,840,444,asynch,3,177,2,late,75,-396,1,4
1000,169,828,452,asynch,10,186,2,late,75,-376,1,4
1000,170,826,460,asynch,17,258,2,late,75,-366,1,4
1000,171,853,427,asynch,11,183,2,late,75,-426,1,4
1000,172,840,460,asynch,9,154,2,late,75,-380,1,4
1000,173,831,480,asynch,8,195,2,late,75,-351,1,4
1000,174,846,445,asynch,18,268,2,late,75,-401,1,4
1000,175,838,422,asynch,6,309,2,late,90,-416,1,5
1000,176,809,382,asynch,35,368,2,late,90,-427,1,5
1000,177,820,366,asynch,20,219,2,late,90,-454,1,5
1000,178,809,376,asynch,17,290,2,late,90,-433,1,5
1000,179,832,369,asynch,25,362,2,late,90,-463,1,5
1000,180,837,376,asynch,18,289,2,late,90,-461,1,5
1000,181,835,341,asynch,18,362,2,late,90,-494,1,5
1000,182,833,364,asynch,19,423,2,late,90,-469,1,5
1000,183,847,383,asynch,24,384,2,late,90,-464,1,5
1000,184,821,363,asynch,18,337,2,late,90,-458,1,5
1000,185,828,335,asynch,20,208,2,late,90,-493,1,5
1000,186,841,382,asynch,14,334,2,late,90,-459,1,5
1000,187,868,370,asynch,28,336,2,late,90,-498,1,5
1000,188,875,355,asynch,16,226,2,late,90,-520,1,5
1000,189,826,345,asynch,14,336,2,late,90,-481,1,5
1000,190,807,418,asynch,11,332,2,late,90,-389,1,5
1000,191,813,374,asynch,25,325,2,late,90,-439,1,5
1000,192,808,377,asynch,23,357,2,late,90,-431,1,5
1000,193,832,365,asynch,21,369,2,late,90,-467,1,5
1000,194,845,351,asynch,13,371,2,late,90,-494,1,5
1000,195,871,359,asynch,31,281,2,late,90,-512,1,5
1000,196,854,348,asynch,20,383,2,late,90,-506,1,5
1000,197,829,324,asynch,18,203,2,late,90,-505,1,5
1000,198,819,356,asynch,19,239,2,late,90,-463,1,5
1000,199,832,378,asynch,6,399,2,late,90,-454,1,5
1000,225,683,652,synch,0,886,2,late,10,-31,1,6
1000,226,698,661,synch,0,871,2,late,10,-37,1,6
1000,227,674,658,synch,0,857,2,late,10,-16,1,6
1000,228,667,642,synch,0,885,2,late,10,-25,1,6
1000,229,657,660,synch,0,866,2,late,10,3,1,6
1000,230,694,636,synch,0,894,2,late,10,-58,1,6
1000,231,670,657,synch,0,891,2,late,10,-13,1,6
1000,232,695,720,synch,0,906,2,late,10,25,1,6
1000,233,649,684,synch,0,881,2,late,10,35,1,6
1000,234,636,664,synch,0,890,2,late,10,28,1,6
1000,235,650,676,synch,0,867,2,late,10,26,1,6
1000,236,699,631,synch,0,843,2,late,10,-68,1,6
1000,237,662,638,synch,0,865,2,late,10,-24,1,6
1000,238,668,717,synch,0,917,2,late,10,49,1,6
1000,239,674,645,synch,0,906,2,late,10,-29,1,6
1000,240,665,650,synch,0,861,2,late,10,-15,1,6
1000,241,659,660,synch,0,864,2,late,10,1,1,6
1000,242,670,647,synch,0,827,2,late,10,-23,1,6
1000,243,652,620,synch,0,834,2,late,10,-32,1,6
1000,244,634,650,synch,0,849,2,late,10,16,1,6
1000,245,634,680,synch,0,855,2,late,10,46,1,6
1000,246,677,665,synch,0,907,2,late,10,-12,1,6
1000,247,660,664,synch,0,853,2,late,10,4,1,6
1000,248,641,644,synch,0,934,2,late,10,3,1,6
1000,249,655,655,synch,0,920,2,late,10,0,1,6
1000,250,656,629,synch,0,776,2,late,25,-27,1,7
1000,251,638,676,synch,0,831,2,late,25,38,1,7
1000,252,686,648,synch,0,853,2,late,25,-38,1,7
1000,253,644,628,synch,0,863,2,late,25,-16,1,7
1000,254,684,632,synch,0,828,2,late,25,-52,1,7
1000,255,683,672,synch,0,880,2,late,25,-11,1,7
1000,256,671,655,synch,0,825,2,late,25,-16,1,7
1000,257,648,628,synch,0,831,2,late,25,-20,1,7
1000,258,641,679,synch,0,826,2,late,25,38,1,7
1000,259,664,638,synch,0,841,2,late,25,-26,1,7
1000,260,644,638,synch,0,821,2,late,25,-6,1,7
1000,261,686,644,synch,0,832,2,late,25,-42,1,7
1000,262,671,657,synch,0,820,2,late,25,-14,1,7
1000,263,663,645,synch,0,828,2,late,25,-18,1,7
1000,264,692,608,synch,0,875,2,late,25,-84,1,7
1000,265,663,666,synch,0,817,2,late,25,3,1,7
1000,266,677,630,synch,0,816,2,late,25,-47,1,7
1000,267,672,617,synch,0,823,2,late,25,-55,1,7
1000,268,711,658,synch,0,850,2,late,25,-53,1,7
1000,269,650,582,synch,0,866,2,late,25,-68,1,7
1000,270,656,651,synch,0,803,2,late,25,-5,1,7
1000,271,682,682,synch,0,827,2,late,25,0,1,7
1000,272,662,619,synch,0,806,2,late,25,-43,1,7
1000,273,691,659,synch,0,820,2,late,25,-32,1,7
1000,274,634,607,synch,0,847,2,late,25,-27,1,7
1000,275,673,549,synch,0,661,2,late,50,-124,1,8
1000,276,630,570,synch,0,651,2,late,50,-60,1,8
1000,277,656,574,synch,0,689,2,late,50,-82,1,8
1000,278,670,527,synch,0,622,2,late,50,-143,1,8
1000,279,638,561,synch,0,571,2,late,50,-77,1,8
1000,280,650,549,synch,0,746,2,late,50,-101,1,8
1000,281,655,527,synch,0,679,2,late,50,-128,1,8
1000,282,712,565,synch,0,691,2,late,50,-147,1,8
1000,283,681,560,synch,0,646,2,late,50,-121,1,8
1000,284,719,536,synch,0,687,2,late,50,-183,1,8
1000,285,649,596,synch,0,660,2,late,50,-53,1,8
1000,286,679,554,synch,0,670,2,late,50,-125,1,8
1000,287,640,536,synch,0,642,2,late,50,-104,1,8
1000,288,663,543,synch,0,723,2,late,50,-120,1,8
1000,289,679,584,synch,0,575,2,late,50,-95,1,8
1000,290,645,554,synch,0,717,2,late,50,-91,1,8
1000,291,684,568,synch,0,630,2,late,50,-116,1,8
1000,292,634,583,synch,0,674,2,late,50,-51,1,8
1000,293,722,573,synch,0,641,2,late,50,-149,1,8
1000,294,653,537,synch,0,684,2,late,50,-116,1,8
1000,295,646,546,synch,0,663,2,late,50,-100,1,8
1000,296,677,569,synch,0,666,2,late,50,-108,1,8
1000,297,683,544,synch,0,671,2,late,50,-139,1,8
1000,298,667,531,synch,0,659,2,late,50,-136,1,8
1000,299,665,536,synch,0,659,2,late,50,-129,1,8
1000,300,682,366,synch,0,436,2,late,75,-316,1,9
1000,301,635,378,synch,0,487,2,late,75,-257,1,9
1000,302,667,376,synch,0,566,2,late,75,-291,1,9
1000,303,654,371,synch,0,495,2,late,75,-283,1,9
1000,304,669,391,synch,0,549,2,late,75,-278,1,9
1000,305,671,400,synch,0,570,2,late,75,-271,1,9
1000,306,717,345,synch,0,458,2,late,75,-372,1,9
1000,307,669,374,synch,0,533,2,late,75,-295,1,9
1000,308,694,353,synch,0,548,2,late,75,-341,1,9
1000,309,633,352,synch,0,603,2,late,75,-281,1,9
1000,310,652,371,synch,0,467,2,late,75,-281,1,9
1000,311,674,352,synch,0,500,2,late,75,-322,1,9
1000,312,657,389,synch,0,544,2,late,75,-268,1,9
1000,313,634,357,synch,0,579,2,late,75,-277,1,9
1000,314,661,381,synch,0,569,2,late,75,-280,1,9
1000,315,704,388,synch,0,487,2,late,75,-316,1,9
1000,316,637,390,synch,0,552,2,late,75,-247,1,9
1000,317,669,393,synch,0,585,2,late,75,-276,1,9
1000,318,656,378,synch,0,483,2,late,75,-278,1,9
1000,319,702,379,synch,0,501,2,late,75,-323,1,9
1000,320,662,374,synch,0,467,2,late,75,-288,1,9
1000,321,638,388,synch,0,490,2,late,75,-250,1,9
1000,322,711,403,synch,0,524,2,late,75,-308,1,9
1000,323,667,359,synch,0,457,2,late,75,-308,1,9
1000,324,698,382,synch,0,505,2,late,75,-316,1,9
1000,325,658,285,synch,0,463,2,late,90,-373,1,10
1000,326,659,302,synch,0,470,2,late,90,-357,1,10
1000,327,653,312,synch,0,490,2,late,90,-341,1,10
1000,328,681,304,synch,0,561,2,late,90,-377,1,10
1000,329,692,294,synch,0,488,2,late,90,-398,1,10
1000,330,660,292,synch,0,456,2,late,90,-368,1,10
1000,331,666,291,synch,0,555,2,late,90,-375,1,10
1000,332,634,294,synch,0,551,2,late,90,-340,1,10
1000,333,663,301,synch,0,284,2,late,90,-362,1,10
1000,334,683,291,synch,0,555,2,late,90,-392,1,10
1000,335,644,295,synch,0,520,2,late,90,-349,1,10
1000,336,663,292,synch,0,574,2,late,90,-371,1,10
1000,337,666,290,synch,0,541,2,late,90,-376,1,10
1000,338,655,304,synch,0,539,2,late,90,-351,1,10
1000,339,671,290,synch,0,565,2,late,90,-381,1,10
1000,340,718,297,synch,0,288,2,late,90,-421,1,10
1000,341,665,301,synch,0,407,2,late,90,-364,1,10
1000,342,659,292,synch,0,259,2,late,90,-367,1,10
1000,343,693,300,synch,0,543,2,late,90,-393,1,10
1000,344,633,290,synch,0,571,2,late,90,-343,1,10
1000,345,685,303,synch,0,568,2,late,90,-382,1,10
1000,346,698,296,synch,0,494,2,late,90,-402,1,10
1000,347,644,294,synch,0,585,2,late,90,-350,1,10
1000,348,662,284,synch,0,423,2,late,90,-378,1,10
1000,349,667,304,synch,0,267,2,late,90,-363,1,10
1000,25,812,846,asynch,19,407,2,control,0,34,1,11
1000,26,833,817,asynch,19,417,2,control,0,-16,1,11
1000,27,826,833,asynch,18,397,2,control,0,7,1,11
1000,28,821,844,asynch,21,398,2,control,0,23,1,11
1000,29,863,826,asynch,21,407,2,control,0,-37,1,11
1000,30,830,826,asynch,22,416,2,control,0,-4,1,11
1000,31,860,822,asynch,14,420,2,control,0,-38,1,11
1000,32,829,849,asynch,17,410,2,control,0,20,1,11
1000,33,819,847,asynch,10,387,2,control,0,28,1,11
1000,34,847,830,asynch,23,415,2,control,0,-17,1,11
1000,35,832,845,asynch,16,400,2,control,0,13,1,11
1000,36,792,828,asynch,14,377,2,control,0,36,1,11
1000,37,854,835,asynch,18,429,2,control,0,-19,1,11
1000,38,834,836,asynch,22,421,2,control,0,2,1,11
1000,39,849,836,asynch,20,436,2,control,0,-13,1,11
1000,40,834,867,asynch,17,407,2,control,0,33,1,11
1000,41,823,838,asynch,15,397,2,control,0,15,1,11
1000,42,824,794,asynch,21,436,2,control,0,-30,1,11
1000,43,817,817,asynch,15,407,2,control,0,0,1,11
1000,44,825,841,asynch,17,438,2,control,0,16,1,11
1000,45,834,820,asynch,18,385,2,control,0,-14,1,11
1000,46,834,839,asynch,22,423,2,control,0,5,1,11
1000,47,848,853,asynch,19,419,2,control,0,5,1,11
1000,48,813,857,asynch,14,405,2,control,0,44,1,11
1000,49,836,848,asynch,17,416,2,control,0,12,1,11
1000,0,680,716,synch,0,937,2,control,0,36,1,12
1000,1,670,697,synch,0,932,2,control,0,27,1,12
1000,2,677,706,synch,0,929,2,control,0,29,1,12
1000,3,669,707,synch,0,940,2,control,0,38,1,12
1000,4,678,741,synch,0,995,2,control,0,63,1,12
1000,5,649,674,synch,0,923,2,control,0,25,1,12
1000,6,656,637,synch,0,978,2,control,0,-19,1,12
1000,7,703,726,synch,0,895,2,control,0,23,1,12
1000,8,687,708,synch,0,918,2,control,0,21,1,12
1000,9,704,676,synch,0,939,2,control,0,-28,1,12
1000,10,699,684,synch,0,959,2,control,0,-15,1,12
1000,11,670,659,synch,0,849,2,control,0,-11,1,12
1000,12,661,672,synch,0,954,2,control,0,11,1,12
1000,13,681,663,synch,0,901,2,control,0,-18,1,12
1000,14,633,681,synch,0,1011,2,control,0,48,1,12
1000,15,644,681,synch,0,936,2,control,0,37,1,12
1000,16,650,643,synch,0,924,2,control,0,-7,1,12
1000,17,671,697,synch,0,943,2,control,0,26,1,12
1000,18,692,633,synch,0,920,2,control,0,-59,1,12
1000,19,662,644,synch,0,821,2,control,0,-18,1,12
1000,20,646,683,synch,0,946,2,control,0,37,1,12
1000,21,674,693,synch,0,837,2,control,0,19,1,12
1000,22,667,663,synch,0,849,2,control,0,-4,1,12
1000,23,663,685,synch,0,872,2,control,0,22,1,12
1000,24,662,672,synch,0,855,2,control,0,10,1,12
578,809,828,0,asynch,0,0,2,early,90,-828,0,13
580,822,827,0,asynch,0,0,2,early,90,-827,0,13
583,811,835,0,asynch,0,0,2,early,90,-835,0,13
585,816,824,0,asynch,0,0,2,early,90,-824,0,13
591,802,812,0,asynch,0,0,2,early,90,-812,0,13
593,808,833,0,asynch,0,0,2,early,90,-833,0,13
596,812,829,0,asynch,0,0,2,early,90,-829,0,13
601,801,846,0,asynch,0,0,2,early,90,-846,0,13
601,806,845,0,asynch,0,0,2,early,90,-845,0,13
613,815,848,0,asynch,0,0,2,early,90,-848,0,13
617,823,849,0,asynch,0,0,2,early,90,-849,0,13
618,804,839,0,asynch,0,0,2,early,90,-839,0,13
618,818,863,0,asynch,0,0,2,early,90,-863,0,13
618,824,813,0,asynch,0,0,2,early,90,-813,0,13
623,800,854,0,asynch,0,0,2,early,90,-854,0,13
624,813,828,0,asynch,0,0,2,early,90,-828,0,13
625,810,822,0,asynch,0,0,2,early,90,-822,0,13
626,817,823,0,asynch,0,0,2,early,90,-823,0,13
630,942,649,0,synch,0,0,2,early,90,-649,0,13
635,819,861,1,asynch,0,0,2,early,90,-860,0,13
636,820,828,1,asynch,0,0,2,early,90,-827,0,13
637,803,853,1,asynch,0,0,2,early,90,-852,0,13
644,807,840,2,asynch,0,0,2,early,90,-838,0,13
650,821,826,1,asynch,0,0,2,early,90,-825,0,13
656,814,824,1,asynch,0,0,2,early,90,-823,0,13
658,805,821,1,asynch,0,0,2,early,90,-820,0,14
700,936,699,2,synch,0,0,2,early,90,-697,0,14
700,938,632,4,synch,0,0,2,early,90,-628,0,14
700,944,687,2,synch,0,0,2,early,90,-685,0,14
700,946,671,2,synch,0,0,2,early,90,-669,0,14
700,948,675,2,synch,0,0,2,early,90,-673,0,14
713,788,827,43,asynch,0,0,2,early,75,-784,0,14
769,797,818,56,asynch,0,0,2,early,75,-762,0,14
770,927,708,14,synch,0,0,2,early,90,-694,0,14
770,929,664,8,synch,0,0,2,early,90,-656,0,14
770,932,667,4,synch,0,0,2,early,90,-663,0,14
770,935,672,4,synch,0,0,2,early,90,-668,0,14
770,937,653,4,synch,0,0,2,early,90,-649,0,14
770,940,644,6,synch,0,0,2,early,90,-638,0,14
770,941,616,6,synch,0,0,2,early,90,-610,0,14
770,943,707,4,synch,0,0,2,early,90,-703,0,14
770,945,736,8,synch,0,0,2,early,90,-728,0,14
770,949,638,7,synch,0,0,2,early,90,-631,0,14
840,925,655,5,synch,0,0,2,early,90,-650,0,14
840,926,658,14,synch,0,0,2,early,90,-644,0,14
840,928,674,5,synch,0,0,2,early,90,-669,0,14
840,930,668,7,synch,0,0,2,early,90,-661,0,14
840,931,669,6,synch,0,0,2,early,90,-663,0,14
840,933,667,7,synch,0,0,2,early,90,-660,0,14
840,934,643,3,synch,0,0,2,early,90,-640,0,14
840,939,676,12,synch,0,0,2,early,90,-664,0,15
840,947,661,9,synch,0,0,2,early,90,-652,0,15
845,776,795,125,asynch,0,0,2,early,75,-670,0,15
881,783,843,165,asynch,0,0,2,early,75,-678,0,15
884,794,832,108,asynch,0,0,2,early,75,-724,0,15
915,795,863,170,asynch,0,0,2,early,75,-693,0,15
916,786,799,101,asynch,0,0,2,early,75,-698,0,15
918,779,825,111,asynch,0,0,2,early,75,-714,0,15
923,792,817,165,asynch,0,0,2,early,75,-652,0,15
928,787,847,157,asynch,0,0,2,early,75,-690,0,15
932,778,828,174,asynch,0,0,2,early,75,-654,0,15
944,784,846,96,asynch,0,0,2,early,75,-750,0,15
950,781,823,181,asynch,0,0,2,early,75,-642,0,15
952,791,791,172,asynch,0,0,2,early,75,-619,0,15
961,798,830,153,asynch,0,0,2,early,75,-677,0,15
1000,700,811,871,asynch,18,381,2,early,10,60,1,15
1000,701,829,850,asynch,25,382,2,early,10,21,1,15
1000,702,817,883,asynch,19,386,2,early,10,66,1,15
1000,703,838,840,asynch,21,383,2,early,10,2,1,15
1000,704,836,877,asynch,24,394,2,early,10,41,1,15
1000,705,809,877,asynch,16,378,2,early,10,68,1,15
1000,706,811,866,asynch,17,403,2,early,10,55,1,15
1000,707,833,886,asynch,17,388,2,early,10,53,1,15
1000,708,832,901,asynch,18,353,2,early,10,69,1,15
1000,709,861,874,asynch,20,419,2,early,10,13,1,15
1000,710,851,863,asynch,22,381,2,early,10,12,1,16
1000,711,855,842,asynch,18,425,2,early,10,-13,1,16
1000,712,817,865,asynch,16,397,2,early,10,48,1,16
1000,713,848,876,asynch,17,409,2,early,10,28,1,16
1000,714,841,880,asynch,22,374,2,early,10,39,1,16
1000,715,848,865,asynch,24,409,2,early,10,17,1,16
1000,716,824,849,asynch,28,398,2,early,10,25,1,16
1000,717,835,860,asynch,22,391,2,early,10,25,1,16
1000,718,849,877,asynch,21,387,2,early,10,28,1,16
1000,719,839,868,asynch,21,407,2,early,10,29,1,16
1000,720,828,860,asynch,27,419,2,early,10,32,1,16
1000,721,840,886,asynch,20,365,2,early,10,46,1,16
1000,722,809,900,asynch,18,408,2,early,10,91,1,16
1000,723,821,872,asynch,14,370,2,early,10,51,1,16
1000,724,823,853,asynch,23,422,2,early,10,30,1,16
1000,725,830,932,asynch,31,375,2,early,25,102,1,16
1000,726,837,900,asynch,19,380,2,early,25,63,1,16
1000,727,844,945,asynch,21,350,2,early,25,101,1,16
1000,728,838,972,asynch,26,358,2,early,25,134,1,16
1000,729,848,933,asynch,30,332,2,early,25,85,1,16
1000,730,829,935,asynch,27,349,2,early,25,106,1,16
1000,731,851,933,asynch,30,360,2,early,25,82,1,16
1000,732,835,946,asynch,16,341,2,early,25,111,1,16
1000,733,835,974,asynch,18,373,2,early,25,139,1,16
1000,734,830,932,asynch,25,404,2,early,25,102,1,16
1000,735,809,925,asynch,22,353,2,early,25,116,1,17
1000,736,835,918,asynch,15,369,2,early,25,83,1,17
1000,737,821,915,asynch,24,336,2,early,25,94,1,17
1000,738,835,922,asynch,22,348,2,early,25,87,1,17
1000,739,844,911,asynch,17,381,2,early,25,67,1,17
1000,740,830,950,asynch,30,354,2,early,25,120,1,17
1000,741,828,921,asynch,23,365,2,early,25,93,1,17
1000,742,834,944,asynch,24,358,2,early,25,110,1,17
1000,743,804,939,asynch,26,367,2,early,25,135,1,17
1000,744,837,924,asynch,17,360,2,early,25,87,1,17
1000,745,851,920,asynch,26,346,2,early,25,69,1,17
1000,746,817,924,asynch,14,368,2,early,25,107,1,17
1000,747,844,948,asynch,28,371,2,early,25,104,1,17
1000,748,826,949,asynch,20,340,2,early,25,123,1,17
1000,749,857,972,asynch,19,347,2,early,25,115,1,17
1000,750,842,1025,asynch,31,296,2,early,50,183,1,17
1000,751,819,1012,asynch,27,302,2,early,50,193,1,17
1000,752,845,1022,asynch,31,312,2,early,50,177,1,17
1000,753,817,1028,asynch,23,308,2,early,50,211,1,17
1000,754,846,1034,asynch,23,309,2,early,50,188,1,17
1000,755,863,1051,asynch,39,295,2,early,50,188,1,17
1000,756,850,1046,asynch,31,274,2,early,50,196,1,17
1000,757,838,1026,asynch,34,297,2,early,50,188,1,17
1000,758,838,1013,asynch,27,288,2,early,50,175,1,17
1000,759,851,1000,asynch,27,296,2,early,50,149,1,17
1000,760,802,1026,asynch,24,253,2,early,50,224,1,18
1000,761,828,1042,asynch,39,288,2,early,50,214,1,18
1000,762,819,1018,asynch,23,329,2,early,50,199,1,18
1000,763,811,1013,asynch,29,288,2,early,50,202,1,18
1000,764,843,1011,asynch,33,316,2,early,50,168,1,18
1000,765,830,1027,asynch,21,277,2,early,50,197,1,18
1000,766,851,1029,asynch,26,279,2,early,50,178,1,18
1000,767,838,1001,asynch,31,310,2,early,50,163,1,18
1000,768,814,1042,asynch,22,282,2,early,50,228,1,18
1000,769,811,1030,asynch,27,294,2,early,50,219,1,18
1000,770,850,983,asynch,27,292,2,early,50,133,1,18
1000,771,836,1027,asynch,30,282,2,early,50,191,1,18
1000,772,840,1030,asynch,27,287,2,early,50,190,1,18
1000,773,850,1009,asynch,20,282,2,early,50,159,1,18
1000,774,834,1016,asynch,39,328,2,early,50,182,1,18
1000,775,824,135,asynch,0,1,2,early,75,-689,1,18
1000,777,798,151,asynch,0,5,2,early,75,-647,1,18
1000,780,813,220,asynch,1,7,2,early,75,-593,1,18
1000,782,823,118,asynch,2,5,2,early,75,-705,1,18
1000,785,822,95,asynch,0,2,2,early,75,-727,1,18
1000,789,805,164,asynch,0,4,2,early,75,-641,1,18
1000,790,830,138,asynch,0,5,2,early,75,-692,1,18
1000,793,825,160,asynch,2,6,2,early,75,-665,1,18
1000,796,835,168,asynch,0,5,2,early,75,-667,1,18
1000,799,835,219,asynch,1,4,2,early,75,-616,1,18
1000,825,662,736,synch,0,869,2,early,10,74,1,19
1000,826,681,791,synch,0,860,2,early,10,110,1,19
1000,827,652,719,synch,0,836,2,early,10,67,1,19
1000,828,656,764,synch,0,824,2,early,10,108,1,19
1000,829,725,750,synch,0,841,2,early,10,25,1,19
1000,830,677,765,synch,0,863,2,early,10,88,1,19
1000,831,706,774,synch,0,867,2,early,10,68,1,19
1000,832,675,770,synch,0,812,2,early,10,95,1,19
1000,833,701,745,synch,0,838,2,early,10,44,1,19
1000,834,727,789,synch,0,790,2,early,10,62,1,19
1000,835,681,716,synch,0,877,2,early,10,35,1,19
1000,836,704,767,synch,0,819,2,early,10,63,1,19
1000,837,651,815,synch,0,831,2,early,10,164,1,19
1000,838,636,741,synch,0,848,2,early,10,105,1,19
1000,839,675,798,synch,0,751,2,early,10,123,1,19
1000,840,699,781,synch,0,847,2,early,10,82,1,19
1000,841,711,732,synch,0,804,2,early,10,21,1,19
1000,842,655,713,synch,0,788,2,early,10,58,1,19
1000,843,727,803,synch,0,836,2,early,10,76,1,19
1000,844,707,810,synch,0,815,2,early,10,103,1,19
1000,845,667,814,synch,0,831,2,early,10,147,1,19
1000,846,657,751,synch,0,796,2,early,10,94,1,19
1000,847,680,812,synch,0,828,2,early,10,132,1,19
1000,848,680,750,synch,0,832,2,early,10,70,1,19
1000,849,653,782,synch,0,853,2,early,10,129,1,19
1000,850,669,905,synch,0,672,2,early,25,236,1,20
1000,851,671,937,synch,0,570,2,early,25,266,1,20
1000,852,632,908,synch,0,500,2,early,25,276,1,20
1000,853,704,865,synch,0,498,2,early,25,161,1,20
1000,854,667,903,synch,0,582,2,early,25,236,1,20
1000,855,648,900,synch,0,524,2,early,25,252,1,20
1000,856,687,929,synch,0,577,2,early,25,242,1,20
1000,857,653,896,synch,0,602,2,early,25,243,1,20
1000,858,663,888,synch,0,592,2,early,25,225,1,20
1000,859,642,920,synch,0,481,2,early,25,278,1,20
1000,860,714,898,synch,0,581,2,early,25,184,1,20
1000,861,647,878,synch,0,614,2,early,25,231,1,20
1000,862,650,906,synch,0,686,2,early,25,256,1,20
1000,863,628,901,synch,0,696,2,early,25,273,1,20
1000,864,651,898,synch,0,601,2,early,25,247,1,20
1000,865,678,890,synch,0,621,2,early,25,212,1,20
1000,866,662,917,synch,0,537,2,early,25,255,1,20
1000,867,680,903,synch,0,425,2,early,25,223,1,20
1000,868,681,913,synch,0,655,2,early,25,232,1,20
1000,869,651,934,synch,0,631,2,early,25,283,1,20
1000,870,710,917,synch,0,515,2,early,25,207,1,20
1000,871,662,895,synch,0,717,2,early,25,233,1,20
1000,872,680,896,synch,0,521,2,early,25,216,1,20
1000,873,698,931,synch,0,428,2,early,25,233,1,20
1000,874,629,838,synch,0,395,2,early,25,209,1,20
1000,875,661,778,synch,0,450,2,early,50,117,1,21
1000,876,666,867,synch,0,452,2,early,50,201,1,21
1000,877,632,850,synch,0,441,2,early,50,218,1,21
1000,878,664,855,synch,0,487,2,early,50,191,1,21
1000,879,649,755,synch,0,502,2,early,50,106,1,21
1000,880,667,846,synch,0,437,2,early,50,179,1,21
1000,881,676,835,synch,0,475,2,early,50,159,1,21
1000,882,680,847,synch,0,437,2,early,50,167,1,21
1000,883,643,835,synch,0,490,2,early,50,192,1,21
1000,884,643,852,synch,0,465,2,early,50,209,1,21
1000,885,683,829,synch,0,476,2,early,50,146,1,21
1000,886,673,873,synch,0,441,2,early,50,200,1,21
1000,887,660,788,synch,0,491,2,early,50,128,1,21
1000,888,659,816,synch,0,476,2,early,50,157,1,21
1000,889,654,832,synch,0,496,2,early,50,178,1,21
1000,890,715,869,synch,0,465,2,early,50,154,1,21
1000,891,668,793,synch,0,490,2,early,50,125,1,21
1000,892,688,827,synch,0,468,2,early,50,139,1,21
1000,893,671,860,synch,0,468,2,early,50,189,1,21
1000,894,671,813,synch,0,473,2,early,50,142,1,21
1000,895,662,790,synch,0,444,2,early,50,128,1,21
1000,896,709,833,synch,0,478,2,early,50,124,1,21
1000,897,658,883,synch,0,494,2,early,50,225,1,21
1000,898,631,832,synch,0,468,2,early,50,201,1,21
1000,899,677,808,synch,0,446,2,early,50,131,1,21
1000,900,684,103,synch,0,25,2,early,75,-581,1,22
1000,901,658,145,synch,0,37,2,early,75,-513,1,22
1000,902,667,71,synch,0,12,2,early,75,-596,1,22
1000,903,687,103,synch,0,24,2,early,75,-584,1,22
1000,904,663,114,synch,0,16,2,early,75,-549,1,22
1000,905,692,101,synch,0,15,2,early,75,-591,1,22
1000,906,679,113,synch,0,27,2,early,75,-566,1,22
1000,907,709,77,synch,0,8,2,early,75,-632,1,22
1000,908,664,102,synch,0,23,2,early,75,-562,1,22
1000,909,652,101,synch,0,31,2,early,75,-551,1,22
1000,910,646,142,synch,0,33,2,early,75,-504,1,22
1000,911,688,116,synch,0,16,2,early,75,-572,1,22
1000,912,690,121,synch,0,53,2,early,75,-569,1,22
1000,913,652,85,synch,0,24,2,early,75,-567,1,22
1000,914,670,118,synch,0,18,2,early,75,-552,1,22
1000,915,675,105,synch,0,14,2,early,75,-570,1,22
1000,916,678,119,synch,0,18,2,early,75,-559,1,22
1000,917,671,138,synch,0,26,2,early,75,-533,1,22
1000,918,673,120,synch,0,25,2,early,75,-553,1,22
1000,919,671,141,synch,0,50,2,early,75,-530,1,22
1000,920,709,106,synch,0,31,2,early,75,-603,1,22
1000,921,642,77,synch,0,13,2,early,75,-565,1,22
1000,922,647,116,synch,0,21,2,early,75,-531,1,22
1000,923,678,161,synch,0,30,2,early,75,-517,1,22
1000,924,676,92,synch,0,16,2,early,75,-584,1,22
1000,225,839,802,asynch,33,400,1,late,10,-37,1,23
1000,226,832,806,asynch,13,421,1,late,10,-26,1,23
1000,227,832,793,asynch,11,357,1,late,10,-39,1,23
1000,228,825,781,asynch,27,430,1,late,10,-44,1,23
1000,229,814,800,asynch,18,396,1,late,10,-14,1,23
1000,230,842,820,asynch,20,407,1,late,10,-22,1,23
1000,231,813,796,asynch,16,403,1,late,10,-17,1,23
1000,232,861,793,asynch,24,386,1,late,10,-68,1,23
1000,233,813,821,asynch,17,424,1,late,10,8,1,23
1000,234,846,800,asynch,15,415,1,late,10,-46,1,23
1000,235,814,791,asynch,19,424,1,late,10,-23,1,23
1000,236,825,809,asynch,20,409,1,late,10,-16,1,23
1000,237,816,773,asynch,16,412,1,late,10,-43,1,23
1000,238,791,797,asynch,13,388,1,late,10,6,1,23
1000,239,844,797,asynch,13,404,1,late,10,-47,1,23
1000,240,810,797,asynch,14,388,1,late,10,-13,1,23
1000,241,820,799,asynch,17,424,1,late,10,-21,1,23
1000,242,816,771,asynch,17,398,1,late,10,-45,1,23
1000,243,828,804,asynch,22,390,1,late,10,-24,1,23
1000,244,826,810,asynch,17,402,1,late,10,-16,1,23
1000,245,847,842,asynch,19,404,1,late,10,-5,1,23
1000,246,825,789,asynch,19,401,1,late,10,-36,1,23
1000,247,825,803,asynch,8,380,1,late,10,-22,1,23
1000,248,828,810,asynch,12,402,1,late,10,-18,1,23
1000,249,844,786,asynch,14,382,1,late,10,-58,1,23
1000,250,827,721,asynch,15,369,1,late,25,-106,1,24
1000,251,838,752,asynch,27,374,1,late,25,-86,1,24
1000,252,822,768,asynch,19,367,1,late,25,-54,1,24
1000,253,840,729,asynch,17,357,1,late,25,-111,1,24
1000,254,820,732,asynch,19,345,1,late,25,-88,1,24
1000,255,819,733,asynch,18,331,1,late,25,-86,1,24
1000,256,872,732,asynch,22,365,1,late,25,-140,1,24
1000,257,822,733,asynch,14,409,1,late,25,-89,1,24
1000,258,845,726,asynch,16,354,1,late,25,-119,1,24
1000,259,823,734,asynch,16,357,1,late,25,-89,1,24
1000,260,818,755,asynch,20,366,1,late,25,-63,1,24
1000,261,834,732,asynch,17,406,1,late,25,-102,1,24
1000,262,831,757,asynch,17,350,1,late,25,-74,1,24
1000,263,837,736,asynch,15,390,1,late,25,-101,1,24
1000,264,835,735,asynch,18,360,1,late,25,-100,1,24
1000,265,861,750,asynch,26,348,1,late,25,-111,1,24
1000,266,835,749,asynch,13,385,1,late,25,-86,1,24
1000,267,827,749,asynch,15,356,1,late,25,-78,1,24
1000,268,858,730,asynch,17,374,1,late,25,-128,1,24
1000,269,816,733,asynch,19,374,1,late,25,-83,1,24
1000,270,804,743,asynch,14,393,1,late,25,-61,1,24
1000,271,819,743,asynch,23,429,1,late,25,-76,1,24
1000,272,819,744,asynch,13,346,1,late,25,-75,1,24
1000,273,834,737,asynch,14,361,1,late,25,-97,1,24
1000,274,844,749,asynch,20,343,1,late,25,-95,1,24
1000,275,821,614,asynch,14,278,1,late,50,-207,1,25
1000,276,823,602,asynch,17,330,1,late,50,-221,1,25
1000,277,827,621,asynch,16,303,1,late,50,-206,1,25
1000,278,824,617,asynch,17,358,1,late,50,-207,1,25
1000,279,856,600,asynch,16,274,1,late,50,-256,1,25
1000,280,831,591,asynch,13,284,1,late,50,-240,1,25
1000,281,846,615,asynch,20,303,1,late,50,-231,1,25
1000,282,805,618,asynch,8,311,1,late,50,-187,1,25
1000,283,823,604,asynch,19,346,1,late,50,-219,1,25
1000,284,824,594,asynch,13,308,1,late,50,-230,1,25
1000,285,856,607,asynch,20,326,1,late,50,-249,1,25
1000,286,826,608,asynch,20,304,1,late,50,-218,1,25
1000,287,801,607,asynch,23,286,1,late,50,-194,1,25
1000,288,834,598,asynch,10,325,1,late,50,-236,1,25
1000,289,825,618,asynch,13,328,1,late,50,-207,1,25
1000,290,843,646,asynch,18,327,1,late,50,-197,1,25
1000,291,818,624,asynch,15,320,1,late,50,-194,1,25
1000,292,808,588,asynch,23,333,1,late,50,-220,1,25
1000,293,858,592,asynch,17,321,1,late,50,-266,1,25
1000,294,834,610,asynch,15,303,1,late,50,-224,1,25
1000,295,809,608,asynch,9,304,1,late,50,-201,1,25
1000,296,828,586,asynch,15,310,1,late,50,-242,1,25
1000,297,853,597,asynch,21,321,1,late,50,-256,1,25
1000,298,814,629,asynch,19,310,1,late,50,-185,1,25
1000,299,859,614,asynch,23,327,1,late,50,-245,1,25
1000,300,823,473,asynch,9,164,1,late,75,-350,1,26
1000,301,828,469,asynch,11,207,1,late,75,-359,1,26
1000,302,843,468,asynch,22,270,1,late,75,-375,1,26
1000,303,832,460,asynch,18,188,1,late,75,-372,1,26
1000,304,818,477,asynch,15,235,1,late,75,-341,1,26
1000,305,836,479,asynch,4,218,1,late,75,-357,1,26
1000,306,823,447,asynch,10,159,1,late,75,-376,1,26
1000,307,837,456,asynch,9,191,1,late,75,-381,1,26
1000,308,825,443,asynch,12,212,1,late,75,-382,1,26
1000,309,828,462,asynch,18,259,1,late,75,-366,1,26
1000,310,811,452,asynch,23,287,1,late,75,-359,1,26
1000,311,801,475,asynch,15,166,1,late,75,-326,1,26
1000,312,807,438,asynch,17,230,1,late,75,-369,1,26
1000,313,832,456,asynch,10,207,1,late,75,-376,1,26
1000,314,825,448,asynch,10,229,1,late,75,-377,1,26
1000,315,833,455,asynch,12,188,1,late,75,-378,1,26
1000,316,818,452,asynch,17,248,1,late,75,-366,1,26
1000,317,837,455,asynch,16,204,1,late,75,-382,1,26
1000,318,823,461,asynch,10,185,1,late,75,-362,1,26
1000,319,829,463,asynch,14,237,1,late,75,-366,1,26
1000,320,811,460,asynch,11,218,1,late,75,-351,1,26
1000,321,835,459,asynch,17,272,1,late,75,-376,1,26
1000,322,841,434,asynch,10,170,1,late,75,-407,1,26
1000,323,842,443,asynch,8,175,1,late,75,-399,1,26
1000,324,871,469,asynch,12,177,1,late,75,-402,1,26
1000,325,827,366,asynch,20,349,1,late,90,-461,1,27
1000,326,814,353,asynch,40,246,1,late,90,-461,1,27
1000,327,821,392,asynch,32,380,1,late,90,-429,1,27
1000,328,822,351,asynch,28,231,1,late,90,-471,1,27
1000,329,823,362,asynch,27,382,1,late,90,-461,1,27
1000,330,825,363,asynch,19,303,1,late,90,-462,1,27
1000,331,825,361,asynch,29,359,1,late,90,-464,1,27
1000,332,817,349,asynch,25,335,1,late,90,-468,1,27
1000,333,823,375,asynch,22,333,1,late,90,-448,1,27
1000,334,843,417,asynch,8,227,1,late,90,-426,1,27
1000,335,840,436,asynch,20,374,1,late,90,-404,1,27
1000,336,830,422,asynch,9,326,1,late,90,-408,1,27
1000,337,864,339,asynch,16,364,1,late,90,-525,1,27
1000,338,825,378,asynch,18,372,1,late,90,-447,1,27
1000,339,825,367,asynch,20,317,1,late,90,-458,1,27
1000,340,851,374,asynch,10,410,1,late,90,-477,1,27
1000,341,849,329,asynch,12,103,1,late,90,-520,1,27
1000,342,832,371,asynch,14,327,1,late,90,-461,1,27
1000,343,825,372,asynch,8,191,1,late,90,-453,1,27
1000,344,819,366,asynch,26,370,1,late,90,-453,1,27
1000,345,825,369,asynch,28,243,1,late,90,-456,1,27
1000,346,833,352,asynch,21,312,1,late,90,-481,1,27
1000,347,834,356,asynch,22,344,1,late,90,-478,1,27
1000,348,834,338,asynch,25,357,1,late,90,-496,1,27
1000,349,856,370,asynch,23,412,1,late,90,-486,1,27
1000,375,692,698,synch,0,867,1,late,10,6,1,28
1000,376,706,699,synch,0,907,1,late,10,-7,1,28
1000,377,731,656,synch,0,892,1,late,10,-75,1,28
1000,378,713,693,synch,0,886,1,late,10,-20,1,28
1000,379,672,681,synch,0,910,1,late,10,9,1,28
1000,380,702,670,synch,0,910,1,late,10,-32,1,28
1000,381,719,692,synch,0,909,1,late,10,-27,1,28
1000,382,727,683,synch,0,893,1,late,10,-44,1,28
1000,383,673,712,synch,0,920,1,late,10,39,1,28
1000,384,725,631,synch,0,897,1,late,10,-94,1,28
1000,385,697,728,synch,0,906,1,late,10,31,1,28
1000,386,683,681,synch,0,904,1,late,10,-2,1,28
1000,387,687,664,synch,0,890,1,late,10,-23,1,28
1000,388,709,651,synch,0,885,1,late,10,-58,1,28
1000,389,709,647,synch,0,891,1,late,10,-62,1,28
1000,390,728,660,synch,0,837,1,late,10,-68,1,28
1000,391,672,666,synch,0,889,1,late,10,-6,1,28
1000,392,680,702,synch,0,931,1,late,10,22,1,28
1000,393,660,677,synch,0,905,1,late,10,17,1,28
1000,394,682,708,synch,0,891,1,late,10,26,1,28
1000,395,670,694,synch,0,890,1,late,10,24,1,28
1000,396,738,637,synch,0,864,1,late,10,-101,1,28
1000,397,654,712,synch,0,943,1,late,10,58,1,28
1000,398,707,716,synch,0,926,1,late,10,9,1,28
1000,399,722,705,synch,0,891,1,late,10,-17,1,28
1000,400,688,654,synch,0,812,1,late,25,-34,1,30
1000,401,706,616,synch,0,858,1,late,25,-90,1,30
1000,402,665,636,synch,0,848,1,late,25,-29,1,30
1000,403,729,663,synch,0,808,1,late,25,-66,1,30
1000,404,664,701,synch,0,877,1,late,25,37,1,30
1000,405,675,682,synch,0,856,1,late,25,7,1,30
1000,406,753,666,synch,0,780,1,late,25,-87,1,30
1000,407,677,630,synch,0,805,1,late,25,-47,1,30
1000,408,679,645,synch,0,856,1,late,25,-34,1,30
1000,409,680,646,synch,0,822,1,late,25,-34,1,30
1000,410,651,600,synch,0,828,1,late,25,-51,1,30
1000,411,716,667,synch,0,846,1,late,25,-49,1,30
1000,412,679,631,synch,0,853,1,late,25,-48,1,30
1000,413,664,638,synch,0,790,1,late,25,-26,1,30
1000,414,706,641,synch,0,832,1,late,25,-65,1,30
1000,415,691,608,synch,0,823,1,late,25,-83,1,30
1000,416,692,615,synch,0,813,1,late,25,-77,1,30
1000,417,701,640,synch,0,868,1,late,25,-61,1,30
1000,418,711,651,synch,0,830,1,late,25,-60,1,30
1000,419,705,675,synch,0,808,1,late,25,-30,1,30
1000,420,677,647,synch,0,806,1,late,25,-30,1,30
1000,421,678,636,synch,0,788,1,late,25,-42,1,30
1000,422,660,689,synch,0,851,1,late,25,29,1,30
1000,423,665,622,synch,0,869,1,late,25,-43,1,30
1000,424,680,622,synch,0,820,1,late,25,-58,1,30
1000,425,702,558,synch,0,709,1,late,50,-144,1,31
1000,426,684,557,synch,0,680,1,late,50,-127,1,31
1000,427,689,545,synch,0,729,1,late,50,-144,1,31
1000,428,689,585,synch,0,616,1,late,50,-104,1,31
1000,429,713,580,synch,0,607,1,late,50,-133,1,31
1000,430,707,578,synch,0,589,1,late,50,-129,1,31
1000,431,755,566,synch,0,717,1,late,50,-189,1,31
1000,432,707,570,synch,0,652,1,late,50,-137,1,31
1000,433,687,579,synch,0,669,1,late,50,-108,1,31
1000,434,676,548,synch,0,701,1,late,50,-128,1,31
1000,435,706,574,synch,0,648,1,late,50,-132,1,31
1000,436,714,571,synch,0,679,1,late,50,-143,1,31
1000,437,724,540,synch,0,633,1,late,50,-184,1,31
1000,438,668,524,synch,0,693,1,late,50,-144,1,31
1000,439,662,550,synch,0,669,1,late,50,-112,1,31
1000,440,695,550,synch,0,634,1,late,50,-145,1,31
1000,441,710,558,synch,0,660,1,late,50,-152,1,31
1000,442,675,580,synch,0,635,1,late,50,-95,1,31
1000,443,687,562,synch,0,681,1,late,50,-125,1,31
1000,444,710,557,synch,0,682,1,late,50,-153,1,31
1000,445,648,564,synch,0,625,1,late,50,-84,1,31
1000,446,692,543,synch,0,647,1,late,50,-149,1,31
1000,447,703,559,synch,0,727,1,late,50,-144,1,31
1000,448,749,544,synch,0,608,1,late,50,-205,1,31
1000,449,696,547,synch,0,761,1,late,50,-149,1,31
1000,450,686,404,synch,0,528,1,late,75,-282,1,32
1000,451,671,399,synch,0,428,1,late,75,-272,1,32
1000,452,718,399,synch,0,496,1,late,75,-319,1,32
1000,453,716,367,synch,0,556,1,late,75,-349,1,32
1000,454,691,391,synch,0,570,1,late,75,-300,1,32
1000,455,663,413,synch,0,488,1,late,75,-250,1,32
1000,456,720,379,synch,0,537,1,late,75,-341,1,32
1000,457,685,373,synch,0,543,1,late,75,-312,1,32
1000,458,687,425,synch,0,528,1,late,75,-262,1,32
1000,459,681,397,synch,0,562,1,late,75,-284,1,32
1000,460,693,399,synch,0,520,1,late,75,-294,1,32
1000,461,693,404,synch,0,480,1,late,75,-289,1,32
1000,462,687,380,synch,0,510,1,late,75,-307,1,32
1000,463,671,389,synch,0,512,1,late,75,-282,1,32
1000,464,712,400,synch,0,491,1,late,75,-312,1,32
1000,465,721,396,synch,0,539,1,late,75,-325,1,32
1000,466,670,396,synch,0,584,1,late,75,-274,1,32
1000,467,689,371,synch,0,488,1,late,75,-318,1,32
1000,468,681,405,synch,0,454,1,late,75,-276,1,32
1000,469,700,394,synch,0,504,1,late,75,-306,1,32
1000,470,683,374,synch,0,495,1,late,75,-309,1,32
1000,471,696,363,synch,0,553,1,late,75,-333,1,32
1000,472,714,385,synch,0,632,1,late,75,-329,1,32
1000,473,658,397,synch,0,432,1,late,75,-261,1,32
1000,474,680,396,synch,0,509,1,late,75,-284,1,32
1000,475,698,313,synch,0,273,1,late,90,-385,1,33
1000,476,698,292,synch,0,572,1,late,90,-406,1,33
1000,477,670,312,synch,0,309,1,late,90,-358,1,33
1000,478,665,315,synch,0,299,1,late,90,-350,1,33
1000,479,688,288,synch,0,257,1,late,90,-400,1,33
1000,480,701,317,synch,0,305,1,late,90,-384,1,33
1000,481,691,290,synch,0,556,1,late,90,-401,1,33
1000,482,675,285,synch,0,542,1,late,90,-390,1,33
1000,483,684,306,synch,0,534,1,late,90,-378,1,33
1000,484,678,302,synch,0,556,1,late,90,-376,1,33
1000,485,673,310,synch,0,518,1,late,90,-363,1,33
1000,486,703,301,synch,0,493,1,late,90,-402,1,33
1000,487,753,311,synch,0,333,1,late,90,-442,1,33
1000,488,677,293,synch,0,590,1,late,90,-384,1,33
1000,489,672,303,synch,0,593,1,late,90,-369,1,33
1000,490,651,304,synch,0,447,1,late,90,-347,1,33
1000,491,691,309,synch,0,278,1,late,90,-382,1,33
1000,492,719,292,synch,0,552,1,late,90,-427,1,33
1000,493,727,310,synch,0,500,1,late,90,-417,1,33
1000,494,689,315,synch,0,560,1,late,90,-374,1,33
1000,495,692,308,synch,0,533,1,late,90,-384,1,33
1000,496,651,297,synch,0,569,1,late,90,-354,1,33
1000,497,718,294,synch,0,360,1,late,90,-424,1,33
1000,498,702,302,synch,0,526,1,late,90,-400,1,33
1000,499,668,298,synch,0,272,1,late,90,-370,1,33
1000,25,799,791,asynch,23,433,1,control,0,-8,1,34
1000,26,820,841,asynch,16,402,1,control,0,21,1,34
1000,27,802,862,asynch,25,427,1,control,0,60,1,34
1000,28,821,831,asynch,19,374,1,control,0,10,1,34
1000,29,822,812,asynch,22,408,1,control,0,-10,1,34
1000,30,833,828,asynch,18,425,1,control,0,-5,1,34
1000,31,823,848,asynch,16,426,1,control,0,25,1,34
1000,32,826,851,asynch,18,464,1,control,0,25,1,34
1000,33,833,843,asynch,18,388,1,control,0,10,1,34
1000,34,826,833,asynch,16,444,1,control,0,7,1,34
1000,35,806,838,asynch,20,462,1,control,0,32,1,34
1000,36,831,843,asynch,14,415,1,control,0,12,1,34
1000,37,841,859,asynch,25,393,1,control,0,18,1,34
1000,38,861,850,asynch,25,428,1,control,0,-11,1,34
1000,39,841,829,asynch,13,397,1,control,0,-12,1,34
1000,40,842,819,asynch,18,406,1,control,0,-23,1,34
1000,41,855,831,asynch,24,402,1,control,0,-24,1,34
1000,42,841,856,asynch,16,431,1,control,0,15,1,34
1000,43,827,820,asynch,26,405,1,control,0,-7,1,34
1000,44,839,814,asynch,22,431,1,control,0,-25,1,34
1000,45,861,834,asynch,16,438,1,control,0,-27,1,34
1000,46,809,845,asynch,17,432,1,control,0,36,1,34
1000,47,831,844,asynch,16,419,1,control,0,13,1,34
1000,48,830,842,asynch,22,446,1,control,0,12,1,34
1000,49,814,827,asynch,19,380,1,control,0,13,1,34
1000,0,683,645,synch,0,927,1,control,0,-38,1,35
1000,1,702,724,synch,0,921,1,control,0,22,1,35
1000,2,675,709,synch,0,943,1,control,0,34,1,35
1000,3,651,667,synch,0,907,1,control,0,16,1,35
1000,4,734,669,synch,0,949,1,control,0,-65,1,35
1000,5,663,658,synch,0,985,1,control,0,-5,1,35
1000,6,676,725,synch,0,928,1,control,0,49,1,35
1000,7,691,694,synch,0,983,1,control,0,3,1,35
1000,8,704,718,synch,0,958,1,control,0,14,1,35
1000,9,713,741,synch,0,920,1,control,0,28,1,35
1000,10,703,711,synch,0,968,1,control,0,8,1,35
1000,11,666,694,synch,0,922,1,control,0,28,1,35
1000,12,675,695,synch,0,953,1,control,0,20,1,35
1000,13,662,680,synch,0,925,1,control,0,18,1,35
1000,14,733,684,synch,0,927,1,control,0,-49,1,35
1000,15,686,708,synch,0,906,1,control,0,22,1,35
1000,16,682,678,synch,0,897,1,control,0,-4,1,35
1000,17,716,676,synch,0,882,1,control,0,-40,1,35
1000,18,696,703,synch,0,964,1,control,0,7,1,35
1000,19,685,715,synch,0,944,1,control,0,30,1,35
1000,20,683,691,synch,0,838,1,control,0,8,1,35
1000,21,662,716,synch,0,936,1,control,0,54,1,35
1000,22,699,723,synch,0,931,1,control,0,24,1,35
1000,23,733,711,synch,0,929,1,control,0,-22,1,35
1000,24,741,698,synch,0,883,1,control,0,-43,1,35
568,1114,837,0,asynch,0,0,1,early,90,-837,0,36
578,1121,800,0,asynch,0,0,1,early,90,-800,0,36
584,1107,813,0,asynch,0,0,1,early,90,-813,0,36
586,1111,838,0,asynch,0,0,1,early,90,-838,0,36
586,1115,838,0,asynch,0,0,1,early,90,-838,0,36
587,1118,783,0,asynch,0,0,1,early,90,-783,0,36
590,1112,800,0,asynch,0,0,1,early,90,-800,0,36
590,1116,816,0,asynch,0,0,1,early,90,-816,0,36
591,1101,808,0,asynch,0,0,1,early,90,-808,0,36
591,1102,841,0,asynch,0,0,1,early,90,-841,0,36
592,1122,813,0,asynch,0,0,1,early,90,-813,0,36
593,1123,834,0,asynch,0,0,1,early,90,-834,0,36
599,1104,834,0,asynch,0,0,1,early,90,-834,0,36
600,1120,819,0,asynch,0,0,1,early,90,-819,0,36
600,1124,816,0,asynch,0,0,1,early,90,-816,0,36
602,1106,838,0,asynch,0,0,1,early,90,-838,0,36
605,1105,801,0,asynch,0,0,1,early,90,-801,0,36
605,1119,836,0,asynch,0,0,1,early,90,-836,0,36
606,1117,837,0,asynch,0,0,1,early,90,-837,0,36
614,1110,850,0,asynch,0,0,1,early,90,-850,0,36
615,1109,831,0,asynch,0,0,1,early,90,-831,0,36
615,1113,810,0,asynch,0,0,1,early,90,-810,0,36
616,1108,829,0,asynch,0,0,1,early,90,-829,0,36
630,1230,718,0,synch,0,0,1,early,90,-718,0,36
661,1103,833,2,asynch,0,0,1,early,90,-831,0,36
681,1100,846,3,asynch,0,0,1,early,90,-843,0,37
700,1225,692,4,synch,0,0,1,early,90,-688,0,37
700,1228,662,1,synch,0,0,1,early,90,-661,0,37
700,1234,672,1,synch,0,0,1,early,90,-671,0,37
700,1236,724,1,synch,0,0,1,early,90,-723,0,37
700,1238,682,2,synch,0,0,1,early,90,-680,0,37
700,1240,704,2,synch,0,0,1,early,90,-702,0,37
700,1244,712,2,synch,0,0,1,early,90,-710,0,37
770,1229,688,6,synch,0,0,1,early,90,-682,0,37
770,1235,715,7,synch,0,0,1,early,90,-708,0,37
770,1239,704,7,synch,0,0,1,early,90,-697,0,37
770,1243,698,12,synch,0,0,1,early,90,-686,0,37
770,1248,693,6,synch,0,0,1,early,90,-687,0,37
792,1076,828,83,asynch,0,0,1,early,75,-745,0,37
795,1086,820,99,asynch,0,0,1,early,75,-721,0,37
834,1084,837,79,asynch,0,0,1,early,75,-758,0,37
840,1098,791,137,asynch,0,0,1,early,75,-654,0,37
840,1232,691,6,synch,0,0,1,early,90,-685,0,37
840,1233,689,7,synch,0,0,1,early,90,-682,0,37
840,1241,704,7,synch,0,0,1,early,90,-697,0,37
840,1242,697,3,synch,0,0,1,early,90,-694,0,37
866,1077,852,65,asynch,0,0,1,early,75,-787,0,37
889,1096,853,128,asynch,0,0,1,early,75,-725,0,37
910,1226,729,9,synch,0,0,1,early,90,-720,0,37
910,1231,693,8,synch,0,0,1,early,90,-685,0,37
910,1237,691,6,synch,0,0,1,early,90,-685,0,38
910,1245,692,7,synch,0,0,1,early,90,-685,0,38
910,1246,697,8,synch,0,0,1,early,90,-689,0,38
910,1247,694,8,synch,0,0,1,early,90,-686,0,38
910,1249,670,9,synch,0,0,1,early,90,-661,0,38
925,1089,826,143,asynch,0,0,1,early,75,-683,0,38
927,1091,827,135,asynch,0,0,1,early,75,-692,0,38
944,1097,845,88,asynch,0,0,1,early,75,-757,0,38
945,1094,820,145,asynch,0,0,1,early,75,-675,0,38
958,1087,814,120,asynch,0,0,1,early,75,-694,0,38
958,1095,850,122,asynch,0,0,1,early,75,-728,0,38
977,1099,812,103,asynch,0,0,1,early,75,-709,0,38
978,1093,834,132,asynch,0,0,1,early,75,-702,0,38
980,1227,658,10,synch,0,0,1,early,90,-648,0,38
1000,1000,853,877,asynch,23,392,1,early,10,24,1,38
1000,1001,849,858,asynch,22,404,1,early,10,9,1,38
1000,1002,814,896,asynch,22,408,1,early,10,82,1,38
1000,1003,815,863,asynch,18,366,1,early,10,48,1,38
1000,1004,860,849,asynch,15,396,1,early,10,-11,1,38
1000,1005,864,848,asynch,15,389,1,early,10,-16,1,38
1000,1006,856,857,asynch,25,393,1,early,10,1,1,38
1000,1007,838,856,asynch,16,362,1,early,10,18,1,38
1000,1008,827,850,asynch,15,383,1,early,10,23,1,38
1000,1009,821,871,asynch,21,404,1,early,10,50,1,38
1000,1010,850,876,asynch,13,389,1,early,10,26,1,38
1000,1011,804,859,asynch,19,386,1,early,10,55,1,39
1000,1012,815,865,asynch,22,421,1,early,10,50,1,39
1000,1013,849,828,asynch,19,397,1,early,10,-21,1,39
1000,1014,819,881,asynch,22,408,1,early,10,62,1,39
1000,1015,844,848,asynch,14,382,1,early,10,4,1,39
1000,1016,831,875,asynch,27,397,1,early,10,44,1,39
1000,1017,827,869,asynch,12,351,1,early,10,42,1,39
1000,1018,830,860,asynch,14,402,1,early,10,30,1,39
1000,1019,846,853,asynch,21,385,1,early,10,7,1,39
1000,1020,813,859,asynch,18,425,1,early,10,46,1,39
1000,1021,828,907,asynch,14,423,1,early,10,79,1,39
1000,1022,850,841,asynch,17,376,1,early,10,-9,1,39
1000,1023,845,848,asynch,24,379,1,early,10,3,1,39
1000,1024,819,851,asynch,26,411,1,early,10,32,1,39
1000,1025,841,955,asynch,28,388,1,early,25,114,1,39
1000,1026,854,945,asynch,18,379,1,early,25,91,1,39
1000,1027,824,918,asynch,23,396,1,early,25,94,1,39
1000,1028,846,938,asynch,20,365,1,early,25,92,1,39
1000,1029,824,931,asynch,24,413,1,early,25,107,1,39
1000,1030,827,952,asynch,29,387,1,early,25,125,1,39
1000,1031,825,933,asynch,21,367,1,early,25,108,1,39
1000,1032,828,892,asynch,21,404,1,early,25,64,1,39
1000,1033,832,912,asynch,24,391,1,early,25,80,1,39
1000,1034,816,913,asynch,21,386,1,early,25,97,1,39
1000,1035,845,935,asynch,21,355,1,early,25,90,1,39
1000,1036,823,919,asynch,20,355,1,early,25,96,1,40
1000,1037,812,922,asynch,16,387,1,early,25,110,1,40
1000,1038,834,936,asynch,15,375,1,early,25,102,1,40
1000,1039,808,906,asynch,21,366,1,early,25,98,1,40
1000,1040,847,951,asynch,25,379,1,early,25,104,1,40
1000,1041,831,929,asynch,22,385,1,early,25,98,1,40
1000,1042,833,906,asynch,18,339,1,early,25,73,1,40
1000,1043,816,957,asynch,16,359,1,early,25,141,1,40
1000,1044,858,949,asynch,21,368,1,early,25,91,1,40
1000,1045,862,942,asynch,21,386,1,early,25,80,1,40
1000,1046,834,925,asynch,21,346,1,early,25,91,1,40
1000,1047,800,946,asynch,16,340,1,early,25,146,1,40
1000,1048,835,914,asynch,18,384,1,early,25,79,1,40
1000,1049,798,960,asynch,29,363,1,early,25,162,1,40
1000,1050,825,1029,asynch,27,292,1,early,50,204,1,40
1000,1051,830,1036,asynch,21,278,1,early,50,206,1,40
1000,1052,807,1024,asynch,24,293,1,early,50,217,1,40
1000,1053,857,1014,asynch,27,334,1,early,50,157,1,40
1000,1054,832,1064,asynch,20,277,1,early,50,232,1,40
1000,1055,811,1026,asynch,22,262,1,early,50,215,1,40
1000,1056,828,1021,asynch,26,302,1,early,50,193,1,40
1000,1057,830,1017,asynch,27,285,1,early,50,187,1,40
1000,1058,814,1000,asynch,30,305,1,early,50,186,1,40
1000,1059,814,1050,asynch,21,292,1,early,50,236,1,40
1000,1060,834,999,asynch,30,288,1,early,50,165,1,40
1000,1061,843,1013,asynch,30,300,1,early,50,170,1,41
1000,1062,804,998,asynch,24,266,1,early,50,194,1,41
1000,1063,817,993,asynch,23,270,1,early,50,176,1,41
1000,1064,844,1026,asynch,41,307,1,early,50,182,1,41
1000,1065,826,971,asynch,21,310,1,early,50,145,1,41
1000,1066,852,1009,asynch,26,315,1,early,50,157,1,41
1000,1067,807,1018,asynch,31,319,1,early,50,211,1,41
1000,1068,839,1054,asynch,31,303,1,early,50,215,1,41
1000,1069,845,1020,asynch,25,290,1,early,50,175,1,41
1000,1070,817,993,asynch,24,303,1,early,50,176,1,41
1000,1071,862,1037,asynch,29,322,1,early,50,175,1,41
1000,1072,838,1030,asynch,33,297,1,early,50,192,1,41
1000,1073,851,1005,asynch,37,302,1,early,50,154,1,41
1000,1074,834,989,asynch,26,296,1,early,50,155,1,41
1000,1075,832,180,asynch,2,15,1,early,75,-652,1,41
1000,1078,821,120,asynch,0,1,1,early,75,-701,1,41
1000,1079,813,115,asynch,0,5,1,early,75,-698,1,41
1000,1080,839,151,asynch,0,2,1,early,75,-688,1,41
1000,1081,829,100,asynch,1,7,1,early,75,-729,1,41
1000,1082,829,181,asynch,1,6,1,early,75,-648,1,41
1000,1083,811,121,asynch,0,6,1,early,75,-690,1,41
1000,1085,833,153,asynch,3,7,1,early,75,-680,1,41
1000,1088,812,147,asynch,1,2,1,early,75,-665,1,41
1000,1090,826,153,asynch,0,9,1,early,75,-673,1,41
1000,1092,816,183,asynch,0,8,1,early,75,-633,1,41
1000,1125,678,773,synch,0,869,1,early,10,95,1,42
1000,1126,719,799,synch,0,854,1,early,10,80,1,42
1000,1127,773,768,synch,0,863,1,early,10,-5,1,42
1000,1128,729,759,synch,0,849,1,early,10,30,1,42
1000,1129,706,779,synch,0,849,1,early,10,73,1,42
1000,1130,739,871,synch,0,858,1,early,10,132,1,42
1000,1131,695,827,synch,0,862,1,early,10,132,1,42
1000,1132,691,789,synch,0,838,1,early,10,98,1,42
1000,1133,677,785,synch,0,855,1,early,10,108,1,42
1000,1134,694,746,synch,0,847,1,early,10,52,1,42
1000,1135,715,761,synch,0,839,1,early,10,46,1,42
1000,1136,719,806,synch,0,829,1,early,10,87,1,42
1000,1137,676,800,synch,0,846,1,early,10,124,1,42
1000,1138,686,745,synch,0,870,1,early,10,59,1,42
1000,1139,680,772,synch,0,822,1,early,10,92,1,42
1000,1140,689,746,synch,0,928,1,early,10,57,1,42
1000,1141,735,754,synch,0,850,1,early,10,19,1,42
1000,1142,715,846,synch,0,847,1,early,10,131,1,42
1000,1143,728,780,synch,0,841,1,early,10,52,1,42
1000,1144,705,789,synch,0,854,1,early,10,84,1,42
1000,1145,713,736,synch,0,818,1,early,10,23,1,42
1000,1146,719,797,synch,0,846,1,early,10,78,1,42
1000,1147,696,803,synch,0,839,1,early,10,107,1,42
1000,1148,708,844,synch,0,854,1,early,10,136,1,42
1000,1149,711,801,synch,0,886,1,early,10,90,1,42
1000,1150,685,897,synch,0,650,1,early,25,212,1,43
1000,1151,691,899,synch,0,614,1,early,25,208,1,43
1000,1152,708,891,synch,0,541,1,early,25,183,1,43
1000,1153,695,909,synch,0,497,1,early,25,214,1,43
1000,1154,683,917,synch,0,575,1,early,25,234,1,43
1000,1155,689,920,synch,0,655,1,early,25,231,1,43
1000,1156,717,836,synch,0,487,1,early,25,119,1,43
1000,1157,690,900,synch,0,670,1,early,25,210,1,43
1000,1158,691,926,synch,0,560,1,early,25,235,1,43
1000,1159,697,896,synch,0,554,1,early,25,199,1,43
1000,1160,736,922,synch,0,527,1,early,25,186,1,43
1000,1161,716,913,synch,0,710,1,early,25,197,1,43
1000,1162,699,921,synch,0,522,1,early,25,222,1,43
1000,1163,704,901,synch,0,539,1,early,25,197,1,43
1000,1164,696,899,synch,0,662,1,early,25,203,1,43
1000,1165,679,871,synch,0,588,1,early,25,192,1,43
1000,1166,702,896,synch,0,527,1,early,25,194,1,43
1000,1167,677,884,synch,0,718,1,early,25,207,1,43
1000,1168,692,893,synch,0,682,1,early,25,201,1,43
1000,1169,727,907,synch,0,641,1,early,25,180,1,43
1000,1170,706,927,synch,0,695,1,early,25,221,1,43
1000,1171,724,918,synch,0,537,1,early,25,194,1,43
1000,1172,662,906,synch,0,569,1,early,25,244,1,43
1000,1173,658,907,synch,0,513,1,early,25,249,1,43
1000,1174,684,952,synch,0,511,1,early,25,268,1,43
1000,1175,708,857,synch,0,506,1,early,50,149,1,44
1000,1176,721,816,synch,0,475,1,early,50,95,1,44
1000,1177,691,857,synch,0,419,1,early,50,166,1,44
1000,1178,711,829,synch,0,503,1,early,50,118,1,44
1000,1179,704,912,synch,0,514,1,early,50,208,1,44
1000,1180,713,853,synch,0,515,1,early,50,140,1,44
1000,1181,698,870,synch,0,465,1,early,50,172,1,44
1000,1182,698,861,synch,0,515,1,early,50,163,1,44
1000,1183,721,826,synch,0,473,1,early,50,105,1,44
1000,1184,746,891,synch,0,488,1,early,50,145,1,44
1000,1185,677,807,synch,0,484,1,early,50,130,1,44
1000,1186,669,813,synch,0,484,1,early,50,144,1,44
1000,1187,652,801,synch,0,432,1,early,50,149,1,44
1000,1188,724,785,synch,0,464,1,early,50,61,1,44
1000,1189,711,815,synch,0,493,1,early,50,104,1,44
1000,1190,681,866,synch,0,446,1,early,50,185,1,44
1000,1191,715,897,synch,0,437,1,early,50,182,1,44
1000,1192,687,859,synch,0,456,1,early,50,172,1,44
1000,1193,689,821,synch,0,452,1,early,50,132,1,44
1000,1194,681,876,synch,0,508,1,early,50,195,1,44
1000,1195,721,801,synch,0,449,1,early,50,80,1,44
1000,1196,653,819,synch,0,454,1,early,50,166,1,44
1000,1197,733,804,synch,0,440,1,early,50,71,1,44
1000,1198,678,871,synch,0,483,1,early,50,193,1,44
1000,1199,676,852,synch,0,489,1,early,50,176,1,44
1000,1200,669,103,synch,0,19,1,early,75,-566,1,45
1000,1201,665,117,synch,0,24,1,early,75,-548,1,45
1000,1202,709,110,synch,0,21,1,early,75,-599,1,45
1000,1203,701,112,synch,0,33,1,early,75,-589,1,45
1000,1204,679,137,synch,0,45,1,early,75,-542,1,45
1000,1205,699,98,synch,0,14,1,early,75,-601,1,45
1000,1206,702,114,synch,0,26,1,early,75,-588,1,45
1000,1207,698,109,synch,0,17,1,early,75,-589,1,45
1000,1208,658,94,synch,0,17,1,early,75,-564,1,45
1000,1209,695,94,synch,0,20,1,early,75,-601,1,45
1000,1210,690,116,synch,0,20,1,early,75,-574,1,45
1000,1211,684,99,synch,0,16,1,early,75,-585,1,45
1000,1212,666,88,synch,0,24,1,early,75,-578,1,45
1000,1213,758,133,synch,0,21,1,early,75,-625,1,45
1000,1214,672,87,synch,0,14,1,early,75,-585,1,45
1000,1215,699,94,synch,0,15,1,early,75,-605,1,45
1000,1216,729,109,synch,0,29,1,early,75,-620,1,45
1000,1217,677,102,synch,0,15,1,early,75,-575,1,45
1000,1218,687,97,synch,0,17,1,early,75,-590,1,45
1000,1219,710,89,synch,0,20,1,early,75,-621,1,45
1000,1220,740,105,synch,0,17,1,early,75,-635,1,45
1000,1221,690,121,synch,0,30,1,early,75,-569,1,45
1000,1222,679,135,synch,0,33,1,early,75,-544,1,45
1000,1223,687,105,synch,0,35,1,early,75,-582,1,45
1000,1224,656,130,synch,0,25,1,early,75,-526,1,45
